{"samples":350,"curves":[0.020851,0.013038,0.003993,-0.001275,-0.003314,-0.006094,-0.00854,-0.008713,-0.002736,0.002886,0.006368,0.003002,-0.000304,-0.002217,-0.000493,0.001258,0.002194,0.001616,4.1e-05,-0.000333,-0.002384,-0.003597,-0.005167,-0.001247,0.002913,0.004585,0.001982,-0.000654,0.000796,0.004647,0.008886,0.008491,0.005215,0.000515,-0.002486,-0.003264,-0.001414,0.001152,0.002248,0.001051,0.000508,0.002089,0.002673,0.001489,-0.001413,-0.001465,-0.000597,4e-05,-0.000311,0.000271,0.001945,0.002591,0.001902,-0.000244,-0.000725,-0.000244,-8.8e-05,-0.001305,-0.000752,0.004746,0.009738,0.009585,0.004451,0.00151,0.002336,0.002413,0.001295,-0.001882,-0.002385,-0.00308,-0.00139,-0.000616,-0.001264,-0.001812,-0.001549,0.000551,-0.000451,-0.002037,-0.001935,0.00149,0.00549,0.006226,0.004448,0.001456,-0.00047,-0.001762,-0.00207,-0.001428,-4.7e-05,0.001124,0.000883,0.001412,-0.000489,-0.001544,-0.00499,-0.003996,-0.003131,-0.000357,0.000933,0.002111,0.002792,0.003032,0.003129,0.001386,-9.3e-05,-0.000678,0.001943,0.003199,0.003907,0.000768,-0.001428,-0.002743,-0.001401,0.001627,0.001158,0.002001,-0.000534,3.1e-05,-0.001217,-0.0007,-0.000482,0.000982,0.001761,0.002234,0.000334,-0.000308,-0.000976,-0.000107,-0.0005,-0.000846,-0.0015,-0.000909,-0.000436,0.000426,0.000405,0.000707,0.001135,0.001995,0.001878,0.000145,-0.001121,-0.001668,-0.001289,-0.002578,-0.002956,-0.001691,-0.000357,-7.2e-05,-0.001277,-0.001106,-0.000469,-0.001007,-0.000654,-0.002244,-0.001586,-0.003282,0.001908,0.005112,0.010965,0.00688,-0.002516,-0.014456,-0.021504,-0.016514,-0.009646,-0.002279,-0.001483,-0.003596,-0.006837,-0.006381,-0.002852,0.001482,0.001377,-0.000708,-0.003357,-0.003478,-0.00213,-0.000598,3e-06,3e-06,3e-06,3e-06,2e-06,1e-06,2e-06,9.4e-05,0.000484,0.000876,0.001083,0.000697,0.000303,6e-06,1.3e-05,1.3e-05,1.1e-05,-1e-06,0.0,8e-05,0.000479,0.000881,0.001128,0.000731,0.000329,3e-06,9e-06,1.3e-05,-0.00074,-0.001705,-0.002714,-0.002113,-0.001107,-6e-06,-0.000164,-0.000635,-9.1e-05,0.000485,0.001298,-2.4e-05,-0.000276,-0.000654,0.000387,0.000737,0.001089,0.000741,0.000375,1.3e-05,2e-06,3e-06,-7.6e-05,-0.000419,-0.000767,-0.000901,-0.000507,-0.000102,0.00011,6.2e-05,7e-06,7e-06,2e-06,3e-06,-1.6e-05,-4.9e-05,-8e-05,-6.6e-05,-2.8e-05,0.000528,-0.00113,-0.002454,-0.004772,-0.002715,-0.001351,0.00042,9e-06,-6e-05,-5.6e-05,-5.6e-05,-4.2e-05,-4.8e-05,-4.5e-05,-2.3e-05,1.1e-05,3.8e-05,2.8e-05,4e-06,0.001485,0.002869,0.003577,0.001231,-0.000136,-0.001226,-0.000633,-0.000613,0.001064,0.002512,0.0031,0.00102,-0.002033,-0.004405,-0.004416,-0.001983,0.000875,0.002696,0.00266,0.000276,0.000774,0.001007,0.00409,0.002817,0.001973,-0.000361,-0.001394,-0.002261,-0.002601,-0.002949,-0.002169,-0.000697,0.000681,0.001429,0.000656,0.002666,0.003741,0.002085,-0.003743,-0.008937,-0.007176,-0.002552,0.001902,0.002313,-8e-06,-0.000802,-0.000503,0.000486,-0.000384,-0.000907,0.000557,0.00137,-0.000671,-0.003467,-0.005924,-0.003437,-0.001128,0.005664,0.007675,0.008111,0.004242,0.005439,0.010293,0.015818,0.013621,0.008942,0.002698,0.002315,0.000657,-0.000242,-0.00266,-0.002753,-0.002518,-0.000995,-2e-05,0.001275,-0.000604,-0.002422,-0.001885,-0.002658,-0.008583,-0.022,-0.022,-0.022,-0.022,-0.022],"hills":[0,-113.9,-278.42,-297.08,-315.74,-322.31,-295.0,-323.03,-329.23,-280.0,-304.77,-318.48,-321.57,-295.41,-266.49,-207.48,-140.51,-127.42,-174.11,-281.92,-295.97,-263.0,-158.25,18.41,155.62,152.62,116.74,306.05,585.27,588.84,448.23,366.03,320.49,263.9,229.26,184.36,201.53,168.24,116.62,115.9,128.64,168.47,270.83,345.48,552.13,765.03,867.17,995.37,965.69,1101.3,1109.15,1132.54,1191.19,1240.64,1336.53,1446.77,1521.63,1679.32,1953.71,2210.99,2466.63,2680.03,2512.72,2298.44,2174.17,2175.58,2184.35,2194.95,2179.44,2171.21,2178.44,2142.67,2105.79,2055.2,2061.28,2105.66,2106.94,2191.89,2249.7,2301.85,2164.04,2002.97,1838.8,1860.12,1808.63,1786.56,1772.13,1756.12,1746.1,1754.55,1741.05,1722.51,1691.7,1690.9,1653.1,1637.09,1612.86,1726.95,1685.06,1642.24,1565.58,1549.9,1537.49,1567.35,1562.31,1682.51,1778.75,1767.03,1820.36,1941.89,2005.09,1926.99,1863.04,1810.17,1782.39,1606.11,1506.44,1507.44,1438.34,1402.83,1323.14,1270.67,1257.64,1245.8,1232.78,1219.03,1205.91,1194.39,1183.46,1166.81,1149.73,1131.19,1148.99,1180.39,1196.23,1228.44,1269.76,1339.16,1406.99,1559.68,1647.34,1667.05,1749.72,1900.4,2158.47,2080.2,1900.64,1792.81,1614.59,1478.88,1349.22,1219.51,1048.36,868.35,686.72,510.62,337.75,238.89,340.8,237.57,236.89,303.67,428.52,222.35,272.16,242.95,222.24,283.82,275.38,475.18,560.67,668.62,775.51,858.2,869.0,873.78,874.99,866.82,857.77,862.4,869.2,868.13,863.61,857.06,843.0,827.13,820.07,804.42,716.47,665.88,600.75,573.52,553.53,524.31,503.67,486.5,477.82,482.89,503.58,503.76,484.96,425.1,390.41,369.67,322.33,283.0,273.59,289.82,293.66,361.39,377.59,426.08,444.06,506.13,566.46,547.37,561.69,613.65,613.65,671.32,711.9,743.86,753.43,763.58,770.06,790.22,802.27,820.72,845.71,872.9,870.61,875.5,895.02,913.14,892.17,900.74,912.51,928.65,863.48,909.58,933.51,942.33,970.24,969.52,825.83,896.46,942.29,989.42,931.07,992.54,1059.42,1069.08,1120.87,1092.46,1116.63,1179.79,1181.81,1154.49,1159.98,1163.36,1113.68,1139.21,1172.27,1170.92,1195.79,1245.42,1261.99,1126.27,1214.22,1122.93,1109.31,800.86,692.19,786.36,745.3,766.52,767.9,700.38,699.01,732.2,791.91,825.29,867.17,762.15,780.07,767.56,831.03,808.85,807.38,784.25,814.83,849.81,903.95,946.05,972.19,1030.53,1046.07,1088.08,1116.69,1129.05,1129.05,1137.65,1140.72,1131.01,1125.41,1142.21,1168.93,1217.42,1249.68,1283.34,1318.93,1358.1,1460.85,1347.04,1348.01,1366.43,1403.4,1452.13,1557.59,1613.9,1478.41,1672.24,1854.39,1832.92,1814.31,1923.18,1830.43,1700.53,1745.7,1812.7,1882.49,1909.46,1917.97,1935.89,1960.29,1964.02,1984.41,2005.59,2038.87,2133.98,2033.12,2117.64,2199.61,2162.16,2012.15,1993.49,1993.49,1993.49,1993.49,1993.49]}